count_down_index,movie_name,release_year,tomato_score,audience_score,rating,genre,language,director,writer,synopsis,casting
140,Running Scared,1986,61,58,R,Action,English,Peter Hyams,Gary DeVore,"Ray and Danny (Gregory Hines, Billy Crystal) are two Chicago police detectives hot on the trail of drug kingpin Julio Gonzales (Jimmy Smits). They manage to nab the drug lord, but the bust is messy, and the two are suspended. While vacationing in Key West, Fla., they decide to retire from the police force and open up a bar. But when they return to Chicago and find out that Gonzales has been released on bail, they vow not to quit the force until the dangerous dealer is behind bars for good.",Gregory Hines
139,Equilibrium,2002,40,81,R,Comedy,English,Kurt Wimmer,Jimmy Huston,"In a futuristic world, a regime has eliminated war by suppressing emotions: books, art and music are strictly forbidden and feeling is a crime punishable by death. Clerick John Preston (Christian Bale) is a top-ranking government agent responsible for destroying those who resist these rules. When he misses a dose of Prozium, a mind-altering drug that hinders emotion, Preston, who has been trained to enforce strict laws of the new regime, suddenly becomes the one capable of overthrowing it.",Billy Crystal
138,Hero,2002,94,87,PG-13,Crime,Chinese,Yimou Zhang,Kurt Wimmer,"In this visually arresting martial arts epic set in ancient China, an unnamed fighter (Jet Li) is being honored for defeating three of the king's most dangerous enemies. When Nameless recounts his battles with the assassins -- Broken Sword (Tony Leung Chiu Wai), Flying Snow (Maggie Cheung Man-yuk) and Moon (Zhang Ziyi) -- the king begins to question some of the details. As Nameless goes on, the king challenges the tales, interjecting his own take on these perhaps suspect version of events.",Jimmy Smits
137,Road House,1989,41,67,R,Drama,English,Rowdy Herrington,Yimou Zhang,"The Double Deuce is the meanest, loudest and rowdiest bar south of the Mason-Dixon Line, and Dalton (Patrick Swayze) has been hired to clean it up. He might not look like much, but the Ph.D.-educated bouncer proves he's more than capable -- busting the heads of troublemakers and turning the roadhouse into a jumping hot-spot. But Dalton's romance with the gorgeous Dr. Clay (Kelly Lynch) puts him on the bad side of cutthroat local big shot Brad Wesley (Ben Gazzara).",Steven Bauer
136,Unstoppable,2010,87,72,PG-13,Sci-fi,English,Tony Scott,Li Feng,"When a massive, unmanned locomotive roars out of control, the threat is more ominous than just a derailment. The train is laden with toxic chemicals, and an accident would decimate human life and cause an environmental disaster. The only hope of bringing the train to a safe stop is in the hands of a veteran engineer (Denzel Washington) and a young conductor (Chris Pine), who must risk their lives to save those in the runaway's path. Inspired by true events.",Christian Bale
135,Shaft,1971,88,68,R,Drama,English,Gordon Parks,Wang Bin,"John Shaft (Richard Roundtree) is the ultimate in suave black detectives. He first finds himself up against Bumpy (Moses Gunn), the leader of the black crime mob, then against black nationals, and finally working with both against the white mafia who are trying to blackmail Bumpy by kidnapping his daughter.",Emily Watson
134,The Villainess,2017,85,66,,Action,Korean,Jeong Byeong-gil,R. Lance Hill,"Honed from childhood to be an elite assassin, Sook-hee embarks on a rampage of violence and revenge to finally earn her freedom and escape her past.",Taye Diggs
133,Highlander,1986,71,79,R,History,English,Russell Mulcahy,R. Lance Hill,"When the mystical Russell Nash (Christopher Lambert) kills a man in a sword fight in a New York City parking lot, he leaves a sliver of an ancient weapon lodged in a car in the process. After brilliant forensics specialist Brenda Wyatt (Roxanne Hart) recovers evidence of the mysterious weapon, she and her partner, Lt. Frank Moran (Alan North), embark on an investigation Of Nash that will land them in the middle of a dangerous, centuries-old feud between powerful immortals.",Angus Macfadyen
132,Die Hard 2,1990,70,70,R,Drama,English,Renny Harlin,Hilary Henkin,"A year after his heroics in L.A, detective John McClane (Bruce Willis) is mixed up in another terrorist plot, this time at Washington Dulles International Airport, where he is waiting for his wife (Bonnie Bedelia). That same night, South American politico and drug profiteer Ramon Esperanza (Franco Nero) is arriving in U.S. custody. McClane takes action when a treasonous ex-colonel (William Sadler) seizes control of the airport, threatening to crash every inbound flight unless Esperanza is freed.",Jet Li
131,National Treasure,2004,46,76,PG,Action,English,Jon Turteltaub,Mark Bomback,"Historian and code-breaker Ben Gates (Nicolas Cage) has been searching his whole life for a rumored treasure dating back to the creation of the United States. Joining an expedition led by fellow treasure hunter Ian Howe (Sean Bean), Gates finds an ice-locked Colonial ship in the Arctic Circle that contains a clue linking the treasure to the Declaration of Independence. But when Howe betrays him, Gates has to race to get to the document ahead of his so-called colleague.",Tony Leung Chiu Wai
130,The Protector,2005,53,76,R,Mystery&thriller,Thai,Prachya Pinkaew,Ernest Tidyman,"A young fighter (Tony Jaa) travels to Australia to retrieve stolen elephants that were promised originally to the king of Thailand. Once there, he enlists the aid of a Thai-born Aussie detective to help him achieve his goal, and he uses his fierce Muay Thai moves to battle an evil woman's gang of deadly bodyguards.",Maggie Cheung
129,Revenge,2017,93,59,R,Action,English,Coralie Fargeat,Ernest Tidyman,"Jen is enjoying a romantic getaway with her wealthy boyfriend -- until his two sleazy friends arrive for an unannounced hunting trip. As tension mounts in the house, the situation abruptly and viciously intensifies, culminating in a shocking act that leaves Jen left for dead. Unfortunately for her assailants, she survives and soon begins a relentless quest for bloody revenge.",Donnie Yen
128,El Mariachi,1992,91,76,R,Mystery&thriller,Spanish,Robert Rodriguez,John D. F. Black,"El Mariachi (Carlos Gallardo) is a traveling guitar player with the modest desire to play music for a living. Looking for a job, he stops at a bar in a tiny town, where his simple, peaceful lifestyle is interrupted. Local hit men, expecting enemy assassin Azul (Reinol Martinez) to invade their town, believe that the visiting musician is the professional killer they are looking for. Unwittingly embroiled in vicious mob warfare, El Mariachi must shoot his way out of town if he is to survive.",Patrick Swayze
127,A Touch of Zen,1971,97,83,,Drama,Chinese,King Hu,Jeong Byeong-gil,"Ku Shen Chai (Chun Shih), an unmotivated artist in his early 30s, still lives with his mother, but he is shaken from his comfortable rut by the arrival of beautiful and mysterious Yang Hui-ching (Feng Hsu), a princess on the run from Gen. Ou-Yang Nin (Tien Peng), who murdered her entire family. Yang brings Ku into her circle of protectors, including Nin's rival, Gen. Shih Wen-Chiao (Pai Ying), and the nameless monk (Roy Chiao) whose spiritual guidance transforms Ku into a valiant fighter.",Kelly Lynch
126,Top Gun,1986,57,83,PG,Crime,English,Tony Scott,Jeong Byeongsik,"The Top Gun Naval Fighter Weapons School is where the best of the best train to refine their elite flying skills. When hotshot fighter pilot Maverick (Tom Cruise) is sent to the school, his reckless attitude and cocky demeanor put him at odds with the other pilots, especially the cool and collected Iceman (Val Kilmer). But Maverick isn't only competing to be the top fighter pilot, he's also fighting for the attention of his beautiful flight instructor, Charlotte Blackwood (Kelly McGillis).",Sam Elliott
125,Con Air,1997,58,75,R,Drama,English,Simon West,Gregory Widen,"Just-paroled army ranger Cameron Poe (Nicolas Cage) is headed back to his wife (Monica Potter), but must fly home aboard a prison transport flight dubbed ""Jailbird"" with some of the worst criminals living. Along with Diamond Dog (Ving Rhames) and Baby-O (Mykelti Williamson), genius serial killer Cyrus ""The Virus"" Grissom (John Malkovich) unleashes a violent escape plot in mid-flight. Secretly working with U.S. Marshall Vince Larkin (John Cusack), Poe tries to foil Grissom's plan.",Ben Gazzara
124,The Expendables 2,2012,67,67,R,Action,English,Simon West,Peter Bellwood,"Mercenary leader Barney Ross (Sylvester Stallone), Lee Christmas (Jason Statham) and the rest of the Expendables team reunite when Mr. Church (Bruce Willis) hires them for a seemingly easy job. But things go terribly wrong, compelling the mercenaries to seek revenge for a comrade's murder. With the odds against them, Barney and his team are hell-bent on payback and cut a path of destruction through opposing forces, only to encounter an unexpected threat: six pounds of weapons-grade plutonium.",Denzel Washington
123,The Mummy,1999,60,75,PG-13,Fantasy,English,Stephen Sommers,Larry Ferguson,"The Mummy is a rousing, suspenseful and horrifying epic about an expedition of treasure-seeking explorers in the Sahara Desert in 1925. Stumbling upon an ancient tomb, the hunters unwittingly set loose a 3,000-year-old legacy of terror, which is embodied in the vengeful reincarnation of an Egyptian priest who had been sentenced to an eternity as one of the living dead.",Chris Pine
122,Mr. & Mrs. Smith,2005,60,58,PG-13,Adventure,English,Doug Liman,Walter Wager,"John (Brad Pitt) and Jane Smith (Angelina Jolie), a couple in a stagnating marriage, live a deceptively mundane existence. However, each has been hiding a secret from the other: they are assassins working for adversarial agencies. When they are both assigned to kill the same target, Benjamin Danz (Adam Brody), the truth comes to the surface. Finally free from their cover stories, they discover that they have been assigned to kill each other, sparking a series of explosive attacks.",Rosario Dawson
121,Rush Hour,1998,62,78,PG-13,Action,English,Brett Ratner,Steven E. de Souza,"When a Chinese diplomat's daughter is kidnapped in Los Angeles, he calls in Hong Kong Detective Inspector Lee (Jackie Chan) to assist the FBI with the case. But the FBI doesn't want anything to do with Lee, and they dump him off on the LAPD, who assign wisecracking Detective James Carter (Chris Tucker) to watch over him. Although Lee and Carter can't stand each other, they choose to work together to solve the case on their own when they figure out they've been ditched by both the FBI and police.",Kevin Dunn
120,The Equalizer,2014,61,77,R,Action,English,Antoine Fuqua,Doug Richardson,"Robert McCall (Denzel Washington), a man of mysterious origin who believes he has put the past behind him, dedicates himself to creating a quiet new life. However, when he meets Teri (Chlo禱 Grace Moretz), a teenager who has been manhandled by violent Russian mobsters, he simply cannot walk away. With his set of formidable skills, McCall comes out of self-imposed retirement and emerges as an avenging angel, ready to take down anyone who brutalizes the helpless.",Richard Roundtree
119,Captain America: Civil War,2016,91,89,PG-13,Mystery&thriller,English,Anthony Russo,Ted Elliott,"Political pressure mounts to install a system of accountability when the actions of the Avengers lead to collateral damage. The new status quo deeply divides members of the team. Captain America (Chris Evans) believes superheroes should remain free to defend humanity without government interference. Iron Man (Robert Downey Jr.) sharply disagrees and supports oversight. As the debate escalates into an all-out feud, Black Widow (Scarlett Johansson) and Hawkeye (Jeremy Renner) must pick a side.",Moses Gunn
118,Air Force One,1997,78,66,R,Adventure,English,Joe Russo,E. Max Frye,"After making a speech in Moscow vowing to never negotiate with terrorists, President James Marshall (Harrison Ford) boards Air Force One with his family (Wendy Crewson, Liesel Matthews) and advisers. When a group of terrorists led by Ivan Korshunov (Gary Oldman) hijacks the flight, the President's principles are put to the test. Feigning escape, ex-solider Marshall stows away in the aircraft and must race against time to rescue his family and everyone else on board.",Christopher St. John
117,Bloodsport,1988,46,74,R,Action,English,Wolfgang Petersen,Kongdej Jaturanrasamee,"U.S. soldier Frank Dux (Jean-Claude Van Damme) has come to Hong Kong to be accepted into the Kumite, a highly secret and extremely violent martial-arts competition. While trying to gain access into the underground world of clandestine fighters, he also has to avoid military officers who consider him to be AWOL. After enduring a difficult training and beginning a romance with journalist Janice Kent (Leah Ayres), Frank is given the opportunity to fight. But can he survive?",Charles Cioffi
116,Blade,1998,58,78,R,Action,English,Newt Arnold,Waratthana Weerayawattana,"A half-mortal, half-immortal is out to avenge his mother's death and rid the world of vampires. The modern-day technologically advanced vampires he is going after are in search of his special blood type needed to summon an evil god who plays a key role in their plan to execute the human race.",Kim Ok-bin
115,Bad Boys,1995,43,78,R,Mystery&thriller,English,Stephen Norrington,Piyaros Thongdee,"Miami-Dade detectives Mike Lowrey (Will Smith) and Marcus Burnett (Martin Lawrence) blow a fuse when $100 million worth of heroin they recently confiscated is heisted from station headquarters. Suspecting it was an inside job, Internal Affairs gives them five days to track down the drugs before they shut down the narcotics division. Action meets farce when Marcus is compelled to masquerade as his partner in order to gain the trust of a call girl (Tea Leoni), a key witness in their investigation.",Shin Ha-kyun
114,Die Hard With a Vengeance,1995,58,83,R,Action,English,Michael Bay,Joe Wannapin,"Detective John McClane (Bruce Willis) is now divorced, alcoholic and jobless after getting fired for his reckless behavior and bad attitude. He is called back into action, however, when a cryptic terrorist (Jeremy Irons) takes New York City hostage in a lethal game of ""Simon Says"" and refuses to speak with anyone but McClane. Teaming up with a street-savvy electrician named Zeus Carver (Samuel L. Jackson), McClane dashes through the city, trying to stay one step ahead of a murderous plot.",Sung-joon
113,The Running Man,1987,66,61,R,Action,English,John McTiernan,Coralie Fargeat,"In the year 2019, America is a totalitarian state where the favorite television program is ""The Running Man"" -- a game show in which prisoners must run to freedom to avoid a brutal death. Having been made a scapegoat by the government, an imprisoned Ben Richards (Arnold Schwarzenegger) has the opportunity to make it back to the outside again by being a contestant on the deadly show, although the twisted host, Damon Killian (Richard Dawson), has no intention of letting him escape.",Kim Seo-hyung
112,Code of Silence,1985,68,51,R,Adventure,English,Paul Michael Glaser,Robert Rodriguez,"In Chicago, honor-driven Sgt. Eddie Cusack (Chuck Norris) and his team stake out a drug exchange involving notorious drug czar Luis Comacho (Henry Silva). Cusack is caught off guard, however, when rival Mafia kingpin Tony Luna (Mike Genovese) and his disguised crew show up, unleash a torrent of gunfire on Comacho's crew and make off with both cash and cocaine. Now Cusack must fight both gangs -- and corruption in his own department -- in order to stop the drug war.",Christopher Lambert
111,Shoot 'Em Up,2007,67,65,R,Action,English,Andrew Davis,King Hu,"After saving a newborn infant from assassins, carrot-crunching gunman Mr. Smith (Clive Owen) teams up with a prostitute named DQ (Monica Bellucci) to protect the baby from further attacks. With hit man Hertz (Paul Giamatti) hot on their trail, Smith and DQ uncover a dying senator's plot to harvest bone marrow from babies just like the one in their arms.",Sean Connery
110,Crank,2006,62,71,R,Adventure,English,Michael Davis,Sung-ling Pu,"Chev Chelios (Jason Statham), a hit man wanting to go straight, lets his latest target slip away, then he awakes the next morning to a phone call that informs him he has been poisoned and has only an hour to live unless he keeps adrenaline coursing through his body while he searches for an antidote.",Roxanne Hart
109,Machete,2010,70,63,R,Action,English,Mark Neveldine,Jim Cash,"After nearly being killed during a violent fight with a powerful drug lord, a former Mexican Federale known as Machete (Danny Trejo) roams Texas streets as a vigilante and sometime day-laborer. Hired to perform a covert hit, he is double-crossed and forced to go on the run. Machete may be down, but not out, and he carves a path of blood, bullets and broken hearts in his quest to settle the score.",Clancy Brown
108,Drive,2011,93,79,R,Action,English,Brian Taylor,Jack Epps Jr.,"Driver is a skilled Hollywood stuntman who moonlights as a getaway driver for criminals. Though he projects an icy exterior, lately he's been warming up to a pretty neighbor named Irene and her young son, Benicio. When Irene's husband gets out of jail, he enlists Driver's help in a million-dollar heist. The job goes horribly wrong, and Driver must risk his life to protect Irene and Benicio from the vengeful masterminds behind the robbery.",Bruce Willis
107,Batman,1989,76,84,PG-13,Adventure,English,Robert Rodriguez,Scott Rosenberg,"Having witnessed his parents' brutal murder as a child, millionaire philanthropist Bruce Wayne (Michael Keaton) fights crime in Gotham City disguised as Batman, a costumed hero who strikes fear into the hearts of villains. But when a deformed madman who calls himself ""The Joker"" (Jack Nicholson) seizes control of Gotham's criminal underworld, Batman must face his most ruthless nemesis ever while protecting both his identity and his love interest, reporter Vicki Vale (Kim Basinger).",Bonnie Bedelia
106,Under Siege,1992,79,62,R,Adventure,English,Ethan Maniquis,Richard Wenk,"A heroic loner takes on a group of nuclear terrorists in this seagoing tale. Posing as a rock band, the terrorists get themselves hired for a party aboard the USS Missouri, a battleship en route to Pearl Harbor for decommissioning. They plan to steal the ship's nuclear arsenal but haven't reckoned on the intervention of the ship's chef, a decorated former Navy SEAL.",William Atherton
105,Independence Day,1996,68,75,PG-13,Action,English,Nicolas Winding Refn,Sylvester Stallone,"In the epic adventure film ""Independence Day,"" strange phenomena surface around the globe. The skies ignite. Terror races through the world's major cities. As these extraordinary events unfold, it becomes increasingly clear that a force of incredible magnitude has arrived; its mission: total annihilation over the Fourth of July weekend. The last hope to stop the destruction is an unlikely group of people united by fate and unimaginable circumstances.",Reginald VelJohnson
104,Bullitt,1968,98,85,PG,Fantasy,English,Tim Burton,Nina Wilcox Putnam,"Senator Walter Chalmers (Robert Vaughn) is aiming to take down mob boss Pete Ross (Vic Tayback) with the help of testimony from the criminal's hothead brother Johnny (Pat Renella), who is in protective custody in San Francisco under the watch of police lieutenant Frank Bullitt (Steve McQueen). When a pair of mob hitmen enter the scene, Bullitt follows their trail through a maze of complications and double-crosses. This thriller includes one of the most famous car chases ever filmed.",Nicolas Cage
103,Wanted,2008,71,69,R,Action,English,Andrew Davis,Richard Schayer,"Wesley Gibson (James McAvoy) is an office worker whose life is going nowhere. After his estranged father is murdered, he meets Fox (Angelina Jolie), who recruits him into the Fraternity, a secret society of assassins which takes its orders from Fate itself. Fox and Sloan (Morgan Freeman), the Fraternity's leader, teach Wesley to tap into dormant powers. Though he enjoys his newfound abilities, he begins to suspect that there is more to the Fraternity than meets the eye.",Diane Kruger
102,Superman: The Movie,1978,94,86,PG,Romance,English,Roland Emmerich,John L. Balderston,"Just before the destruction of the planet Krypton, scientist Jor-El (Marlon Brando) sends his infant son Kal-El on a spaceship to Earth. Raised by kindly farmers Jonathan (Glenn Ford) and Martha Kent (Phyllis Thaxter), young Clark (Christopher Reeve) discovers the source of his superhuman powers and moves to Metropolis to fight evil. As Superman, he battles the villainous Lex Luthor (Gene Hackman), while, as novice reporter Clark Kent, he attempts to woo co-worker Lois Lane (Margot Kidder).",Justin Bartha
101,Ronin,1998,70,80,R,Comedy,English,Peter Yates,Stephen Sommers,"Deirdre (Natascha McElhone) puts together a team of experts that she tasks with stealing a valuable briefcase, the contents of which are a mystery. The international team includes Sam (Robert De Niro), an ex-intelligence officer, along with Vincent (Jean Reno), Gregor (Stellan Skarsgard) and others. As their operation gets underway, several team members are found to be untrustworthy, and everyone must complete the mission with a watchful eye on everyone else.",Sean Bean
100,They Live,1988,86,80,R,Action,English,Timur Bekmambetov,Lloyd Fonvielle,"Nada (Roddy Piper), a wanderer without meaning in his life, discovers a pair of sunglasses capable of showing the world the way it truly is. As he walks the streets of Los Angeles, Nada notices that both the media and the government are comprised of subliminal messages meant to keep the population subdued, and that most of the social elite are skull-faced aliens bent on world domination. With this shocking discovery, Nada fights to free humanity from the mind-controlling aliens.",Tony Jaa
99,Cliffhanger,1993,68,52,R,Comedy,English,Richard Donner,Kevin Jarre,"Outdoor thriller in which a former mountain rescuer is pitted against a group of criminals who have lost their $100 million stash during a plane crash in the Rocky Mountains. After being persuaded to help rescue a group of stranded hikers, he discovers that they are in fact a gang of violent robbers who need help to locate their missing loot.",Johnny Nguyen
98,Marvel's the Avengers,2012,91,91,PG-13,Action,English,John Frankenheimer,Stephen Sommers,"When Thor's evil brother, Loki (Tom Hiddleston), gains access to the unlimited power of the energy cube called the Tesseract, Nick Fury (Samuel L. Jackson), director of S.H.I.E.L.D., initiates a superhero recruitment effort to defeat the unprecedented threat to Earth. Joining Fury's ""dream team"" are Iron Man (Robert Downey Jr.), Captain America (Chris Evans), the Hulk (Mark Ruffalo), Thor (Chris Hemsworth), the Black Widow (Scarlett Johansson) and Hawkeye (Jeremy Renner).",Nathan Jones
97,Hot Fuzz,2007,91,89,R,Mystery&thriller,English,John Carpenter,Simon Kinberg,"As a former London constable, Nicholas Angel (Simon Pegg) finds if difficult to adapt to his new assignment in the sleepy British village of Sandford. Not only does he miss the excitement of the big city, but he also has a well-meaning oaf (Nick Frost) for a partner. However, when a series of grisly accidents rocks Sandford, Nick smells something rotten in the idyllic village.",Phetthai Vongkumlao
96,The Warriors,1979,88,88,R,Action,English,Renny Harlin,Jim Kouf,A turf battle between New York City street gangs that rages from Coney Island to the Bronx. The Warriors are mistakenly fingered for the killing of a gang leader. Soon they have every gang in the city out to get revenge and they must make their way across the city to their own turf.,Matilda Anna Ingrid Lutz
95,Starship Troopers,1997,72,70,R,Adventure,English,Joss Whedon,Ross LaManna,"In the distant future, the Earth is at war with a race of giant alien insects. Little is known about the Bugs except that they are intent on the eradication of all human life. But there was a time before the war... A Mobile Infantry travels to distant alien planets to take the war to the Bugs. They are a ruthless enemy with only one mission: Survival of their species no matter what the cost...",Kevin Janssens
94,Elite Squad 2,2010,91,91,,Fantasy,Portuguese (Brazil),Edgar Wright,Richard Wenk,"Dirty cops and corrupt, powerful politicians threaten Nascimento (Wagner Moura).",Vincent Colombe
93,Point Break,1991,70,79,R,Mystery&thriller,English,Walter Hill,Christopher Markus,"After a string of bizarre bank robberies in Southern California, with the crooks donning masks of various former presidents, a federal agent, Johnny Utah (Keanu Reeves), infiltrates the suspected gang. But this is no ordinary group of robbers. They're surfers -- led by the charismatic Bodhi (Patrick Swayze) -- who are addicted to the rush of thievery. But when Utah falls in love with a female surfer, Tyler (Lori Petty), who is close to the gang, it complicates his sense of duty.",Guillaume Bouch癡de
92,The Long Kiss Goodnight,1996,68,70,R,Action,English,Paul Verhoeven,Stephen McFeely,"Schoolteacher and single mother Samantha Caine (Geena Davis) lives an average suburban life -- until she begins having strange memories of unexplained violence and discovers that she has physical skills that she never imagined. Hiring private detective Mitch Hennessey (Samuel L. Jackson) to probe into her past, Samantha discovers that she's a well-trained government assassin who went missing after suffering a bout of amnesia and that her former handlers want her back in their employ.",Carlos Gallardo
91,The Guest,2014,92,69,R,Biography,English,Jos矇 Padilha,Andrew W. Marlowe,A string of mysterious deaths leads a teenager to become suspicious of a soldier (Dan Stevens) who showed up on her family's doorstep and claimed to be a friend of her dead brother.,Consuelo G籀mez
90,Taken,2008,59,85,PG-13,Action,English,Kathryn Bigelow,Sheldon Lettich,"Bryan Mills (Liam Neeson), a former government operative, is trying to reconnect with his daughter, Kim (Maggie Grace). Then his worst fears become real when sex slavers abduct Kim and her friend shortly after they arrive in Paris for vacation. With just four days until Kim will be auctioned off, Bryan must call on every skill he learned in black ops to rescue her.",Reinol Martinez
89,300,2006,61,89,R,Horror,English,Renny Harlin,Christopher Cosby,"In 480 B.C. a state of war exists between Persia, led by King Xerxes (Rodrigo Santoro), and Greece. At the Battle of Thermopylae, Leonidas (Gerard Butler), king of the Greek city state of Sparta, leads his badly outnumbered warriors against the massive Persian army. Though certain death awaits the Spartans, their sacrifice inspires all of Greece to unite against their common enemy.",Peter Marquardt
88,True Lies,1994,70,76,R,Action,English,Adam Wingard,Mel Friedman,"Secretly a spy but thought by his family to be a dull salesman, Harry Tasker (Arnold Schwarzenegger) is tracking down nuclear missiles in the possession of Islamic jihadist Aziz (Art Malik). Harry's mission is complicated when he realizes his neglected wife, Helen (Jamie Lee Curtis), is contemplating an affair with Simon (Bill Paxton), a used-car salesman who claims he's a spy. When Aziz kidnaps Harry and Helen, the secret agent must save the world and patch up his marriage at the same time.",Feng Hsu
87,Demolition Man,1993,62,67,R,Fantasy,English,Pierre Morel,David S. Goyer,"With innocent victims caught in the crossfire in Los Angeles' intensifying war on crime, both cop John Spartan (Sylvester Stallone) and violent thug Simon Phoenix (Wesley Snipes) are sentenced to a state of frozen incarceration known as ""CryoPrison."" When Spartan is finally thawed 36 years later, it's 2032, and Los Angeles is now a pacifist utopia called San Angeles. But with Phoenix again on the loose, Spartan must team up with future cop Lenina (Sandra Bullock) to apprehend the killer.",Chun Shih
86,Hardcore Henry,2015,51,55,R,Adventure,English,Zack Snyder,George Gallo,"A man wakes up in a Moscow laboratory to learn that he's been brought back from the dead as a half-human, half-robotic hybrid. With no memory of his former life, a woman who claims to be his wife tells him that his name is Henry. Before she can activate his voice, armed thugs storm in and kidnap her. As Henry starts to understand his new abilities, he embarks on a bloody rampage through the city to save his spouse from a psychopath (Danila Kozlovsky) who plans to destroy the world.",Pai Ying
85,Police Story,1985,93,88,PG-13,Action,Chinese,James Cameron,Michael Barrie,A kung-fu policeman (Jackie Chan) must protect a female witness (Brigitte Lin) from a Hong Kong drug lord for whom she used to work.,Roy Chiao
84,Brotherhood of the Wolf,2001,73,78,R,Comedy,French (France),Marco Brambilla,Jim Mulholland,"In a rural province of France, a mysterious creature is laying waste to the countryside, savagely killing scores of women and children. Unseen, possessed of enormous strength and a human intelligence, the beast has eluded capture for years. King Louis sends in a renowned scientist and his Iroquois blood brother, an unconventional team whose combined methods and capabilities may bring the beast down. But the true nature of the beast is not what anyone could have anticipated.",Tom Cruise
83,Kingsman: The Secret Service,2014,75,84,R,Action,English,Ilya Naishuller,Doug Richardson,"Gary ""Eggsy"" Unwin (Taron Egerton), whose late father secretly worked for a spy organization, lives in a South London housing estate and seems headed for a life behind bars. However, dapper agent Harry Hart (Colin Firth) recognizes potential in the youth and recruits him to be a trainee in the secret service. Meanwhile, villainous Richmond Valentine (Samuel L. Jackson) launches a diabolical plan to solve the problem of climate change via a worldwide killing spree.",Kelly McGillis
82,The Fifth Element,1997,71,86,PG-13,Adventure,English,Jackie Chan,Roderick Thorp,"In the 23rd century, a New York City cabbie, Korben Dallas (Bruce Willis), finds the fate of the world in his hands when Leeloo (Milla Jovovich) falls into his cab. As the embodiment of the fifth element, Leeloo needs to combine with the other four to keep the approaching Great Evil from destroying the world. Together with Father Vito Cornelius (Ian Holm) and zany broadcaster Ruby Rhod (Chris Tucker), Dallas must race against time and the wicked industrialist Zorg (Gary Oldman) to save humanity.",Anthony Edwards
81,Big Trouble in Little China,1986,74,82,PG-13,Mystery&thriller,English,Chen Chi-Hwa,Jonathan Hensleigh,"Kurt Russell plays hard-boiled truck driver Jack Burton, who gets caught in a bizarre conflict within, and underneath, San Francisco's Chinatown. An ancient Chinese prince and Chinatown crime lord has kidnapped a beautiful green-eyed woman, who is the fiancee to Jack's best friend. Jack must help his friend rescue the girl before the evil Lo Pan uses her to break the ancient curse that keeps him a fleshless and immortal spirit.",Val Kilmer
80,Atomic Blonde,2017,79,64,R,Sci-fi,English,Christophe Gans,Steven E. de Souza,"Sensual and savage, Lorraine Broughton is the most elite spy in MI6, an agent who's willing to use all of her lethal skills to stay alive during an impossible mission. With the Berlin Wall about to fall, she travels into the heart of the city to retrieve a priceless dossier and take down a ruthless espionage ring. Once there, she teams up with an embedded station chief to navigate her way through the deadliest game of spies.",Nicolas Cage
79,Rumble in the Bronx,1995,80,65,R,Action,English,Matthew Vaughn,Michael Butler,"Hong Kong policeman Keung (Jackie Chan) arrives in New York for the wedding of his uncle Bill (Bill Tung), a grocer who recently sold his Bronx store to the fetching Elaine (Anita Mui). After a biker gang bursts into the store to wreak havoc, Keung springs into action, giving up his vacation to defend the weak and protect the innocent with his extraordinary martial arts skills. As Keung investigates local gangs, he learns more about a criminal syndicate that needs to be brought to justice.",John Cusack
78,District B13,2004,80,78,R,Crime,French (Canada),Luc Besson,Dennis Shryack,"In 21st-century Paris, a member (Cyril Raffaelli) of an elite police squad must enter a crime-ridden ghetto to defuse a bomb that has fallen into the hands of Taha (Larbi Naceri), a powerful hoodlum. The cop joins forces with a civilian (David Belle) who must rescue his sister (Dany Verissimo) from the same criminal who holds the bomb.",John Malkovich
77,Beverly Hills Cop,1984,83,82,R,Drama,English,John Carpenter,Mike Gray,"After his childhood buddy is murdered while visiting Detroit, rebellious cop Axel Foley (Eddie Murphy) follows the leads to Beverly Hills, Calif., under the auspices of a vacation. He checks in with old friend Jenny Summers (Lisa Eilbacher) and starts to believe her boss, art dealer Victor Maitland (Steven Berkoff), might somehow be involved in the murder. However, Lt. Bogomil (Ronny Cox) of the Beverly Hills Police Department does not trust Foley, and hinders his search for evidence.",Steve Buscemi
76,Ong-Bak: The Thai Warrior,2003,85,84,R,Action,English,David Leitch,Michael Davis,"In Thailand, the impoverished village of Ban Nong Pradu has its most precious Buddha statue stolen from the temple. Luckily the small town also has a very skilled fighter in the form of Ting (Tony Jaa), who sets out on a quest to recover the cherished figure. His journey leads him to Bangkok, where he must wrangle the statue from Don (Wannakit Sirioput), a volatile drug dealer. Meanwhile, the village is suffering a severe drought and needs the Buddha to restore vitality.",Sylvester Stallone
75,Collateral,2004,86,84,R,Mystery&thriller,English,Stanley Tong,Mark Neveldine,"A cab driver realizes his current fare is a hit man that has been having him drive around from mark to mark until the last witness to a crime is dead. When the cabbie finally figures out the truth, he must prevent the assassin from wiping out his last witness without becoming the next in the professional killer's line of casualties.",Jason Statham
74,Iron Monkey,1993,91,86,PG-13,Action,Chinese,Pierre Morel,Brian Taylor,"In a desperate and unjust land, where government corruption rules the day, only one man has the courage to challenge the system and fight back. They call him ""Iron Monkey."" Under the shadow of night, in the silence before dawn, he fights to give hope to the poor and the oppressed. Although no one knows his name and no one knows where he comes from, his heroism has made him a living legend to the people and a wanted man to the powers that be.",Jet Li
73,Escape From New York,1981,88,77,R,Mystery&thriller,English,Martin Brest,Robert Rodriguez,"In 1997, a major war between the United States and the Soviet Union is concluding, and the entire island of Manhattan has been converted into a giant maximum security prison. When Air Force One is hijacked and crashes into the island, the president (Donald Pleasence) is taken hostage by a group of inmates. Snake Plissken (Kurt Russell), a former Special Forces soldier turned criminal, is recruited to retrieve the president in exchange for his own freedom.",Dolph Lundgren
72,Battle Royale,2000,90,89,,Action,Japanese,Prachya Pinkaew,?lvaro Rodr穩guez,"42 9th graders are sent to a deserted island. They are given a map, food, and various weapons. An explosive collar is fitted around their neck. If they break a rule, the collar explodes. Their mission: kill each other and be the last one standing. The last survivor is allowed to leave the island. If there is more than one survivor, the collars explode and kill them all.",Brendan Fraser
71,Spider-Man 2,2004,93,82,PG-13,Crime,English,Michael Mann,Hossein Amini,"When a failed nuclear fusion experiment results in an explosion that kills his wife, Dr. Otto Octavius (Alfred Molina) is transformed into Dr. Octopus, a cyborg with deadly metal tentacles. Doc Ock blames Spider-Man (Tobey Maguire) for the accident and seeks revenge. Meanwhile, Spidey's alter ego, Peter Parker, faces fading powers and self-doubt. Complicating matters are his best friend's (James Franco) hatred for Spider-Man and his true love's (Kirsten Dunst) sudden engagement to another man.",Rachel Weisz
70,13 Assassins,2010,95,88,R,Drama,Japanese,Woo-Ping Yuen,Sam Hamm,"In this remake of a 1963 film based on historical events, Shinzaemon Shimada leads a team of assassins in 19th-century Japan to eliminate the ruthless Lord Naritsugu Matsudaira, who is wreaking havoc against his own people. Hired secretly by a government official hoping to end Matsudaira's reign of terror, Shimada recruits the best samurai in Japan and then sets a trap for the lord's large contingent of faithful bodyguards.",John Hannah
69,Full Contact,1992,89,72,R,Action,Chinese,John Carpenter,Warren Skaaren,"Jeff (Chow Yun-Fat), who works as a nightclub bouncer in Bangkok, saves his friend Sam (Wong Chow-Sang) from a beating by the local loan shark. The two team up with Sam's cousin Judge (Simon Yam) to rob an arms shipment, but the loan shark that Jeff ticked off persuades Judge to turn against him.",Arnold Vosloo
68,Indiana Jones and the Last Crusade,1989,84,94,PG-13,Action,English,Kinji Fukasaku,J.F. Lawton,"An art collector appeals to Jones to embark on a search for the Holy Grail. He learns that another archaeologist has disappeared while searching for the precious goblet, and the missing man is his own father, Dr. Henry Jones. The artifact is much harder to find than they expected, and its powers are too much for those impure in heart.",Brad Pitt
67,Kung Fu Hustle,2004,91,89,R,Adventure,Chinese,Sam Raimi,Dean Devlin,"When the hapless Sing and his dim-witted pal Bone try to scam the residents of Pig Sty Alley into thinking they're members of the dreaded Axe Gang, the real gangsters descend on this Shanghai slum to restore their fearsome reputation. What gang leader Brother Sum doesn't know is that three legendary retired kung fu masters live anonymously in this decrepit neighborhood and don't take kindly to interlopers.",Angelina Jolie
66,A Better Tomorrow,1986,92,89,,Fantasy,Chinese,Takashi Miike,Roland Emmerich,A Hong Kong policeman (Leslie Cheung) blames his reformed-gangster brother (Chow Yun-Fat) for the death of their father.,Vince Vaughn
65,Iron Man,2008,94,91,PG-13,Action,English,Ringo Lam,Robert L. Pike,"A billionaire industrialist and genius inventor, Tony Stark (Robert Downey Jr.), is conducting weapons tests overseas, but terrorists kidnap him to force him to build a devastating weapon. Instead, he builds an armored suit and upends his captors. Returning to America, Stark refines the suit and uses it to combat crime and terrorism.",Adam Brody
64,The Night Comes for Us,2018,91,83,,Sci-fi,Indonesian,Steven Spielberg,Alan R. Trustman,"Ito, a gangland enforcer, is caught amidst a treacherous and violent insurrection within his Triad crime family.",Jackie Chan
63,Logan,2017,94,90,R,Adventure,English,Stephen Chow,Harry Kleiner,"In the near future, a weary Logan (Hugh Jackman) cares for an ailing Professor X (Patrick Stewart) at a remote outpost on the Mexican border. His plan to hide from the outside world gets upended when he meets a young mutant (Dafne Keen) who is very much like him. Logan must now protect the girl and battle the dark forces that want to capture her.",Chris Tucker
62,007: Goldfinger,1964,99,89,PG,Action,English (United Kingdom),John Woo,Michael Brandt,"Special agent 007 (Sean Connery) comes face to face with one of the most notorious villains of all time, and now he must outwit and outgun the powerful tycoon to prevent him from cashing in on a devious scheme to raid Fort Knox -- and obliterate the world's economy.",Tom Wilkinson
61,Assault on Precinct 13,1976,96,80,R,Crime,English,Jon Favreau,Derek Haas,"When the LAPD kills several members of the South Central gang Street Thunder, the remaining members avenge themselves by way of a bloody war waged against cops and citizens alike. Caught in the crossfire is Lt. Ethan Bishop (Austin Stoker), who's managing a skeleton crew at the local and soon-to-be-closed police precinct. As the gang members close in, Bishop forms an unlikely alliance with a group of prisoners in order to defend the station and the lives of everyone in it.",Elizabeth Pe簽a
60,Wonder Woman,2017,93,83,PG-13,Drama,English,Timo Tjahjanto,Chris Morgan,"Before she was Wonder Woman (Gal Gadot), she was Diana, princess of the Amazons, trained to be an unconquerable warrior. Raised on a sheltered island paradise, Diana meets an American pilot (Chris Pine) who tells her about the massive conflict that's raging in the outside world. Convinced that she can stop the threat, Diana leaves her home for the first time. Fighting alongside men in a war to end all wars, she finally discovers her full powers and true destiny.",Denzel Washington
59,The Chinese Connection,1972,83,83,R,Action,English,James Mangold,Jerry Siegel,"Chen Zhen (Bruce Lee) has left his homeland of China and relocated to stay with family in Thailand. Chen, who swore to his mother that he would avoid violence in his new life and even wears a necklace to remind himself of this oath, is tested when he confronts trouble at his job. When he finds out the factory he works at is a cover for a drug ring, and his family members are murdered by members of the gang, he can avoid fighting no more and decides to confront his corrupt boss.",Marton Csokas
58,Captain America: The Winter Soldier,2014,90,92,PG-13,Mystery&thriller,English,Guy Hamilton,Mario Puzo,"After the cataclysmic events in New York with his fellow Avengers, Steve Rogers, aka Captain America (Chris Evans), lives in the nation's capital as he tries to adjust to modern times. An attack on a S.H.I.E.L.D. colleague throws Rogers into a web of intrigue that places the whole world at risk. Joining forces with the Black Widow (Scarlett Johansson) and a new ally, the Falcon, Rogers struggles to expose an ever-widening conspiracy, but he and his team soon come up against an unexpected enemy.",Chlo禱 Grace Moretz
57,Oldboy,2003,82,94,R,Adventure,Korean,John Carpenter,David Newman,"Dae-Su is an obnoxious drunk bailed from the police station yet again by a friend. However, he's abducted from the street and wakes up in a cell, where he remains for the next 15 years, drugged unconscious when human contact is unavoidable, otherwise with only the television as company. And then, suddenly released, he is invited to track down his jailor with a denouement that is simply stunning.",David Harbour
56,The French Connection,1971,96,87,R,Sci-fi,English,Patty Jenkins,Robert Benton,"New York Detective ""Popeye"" Doyle (Gene Hackman) and his partner (Roy Scheider) chase a French heroin smuggler.",Chris Evans
55,Furious 7,2015,81,82,PG-13,Action,English,Lo Wei,Tom Mankiewicz,"After defeating international terrorist Owen Shaw, Dominic Toretto (Vin Diesel), Brian O'Conner (Paul Walker) and the rest of the crew have separated to return to more normal lives. However, Deckard Shaw (Jason Statham), Owen's older brother, is thirsty for revenge. A slick government agent offers to help Dom and company take care of Shaw in exchange for their help in rescuing a kidnapped computer hacker who has developed a powerful surveillance program.",Robert Downey Jr.
54,La Femme Nikita,1990,89,84,R,Fantasy,French (Canada),Anthony Russo,Leslie Newman,"Convicted felon Nikita (Anne Parillaud), instead of going to jail, is given a new identity and trained to be a secret police assassin controlled by the government. Her lonely life is warmed when she falls in love with a man who knows nothing of her mysterious life.",Scarlett Johansson
53,Supercop,1992,93,75,R,Action,Chinese,Joe Russo,J.D. Zeik,"To infiltrate a drug cartel, police Inspector Chan Ka Kui (Jackie Chan) goes undercover in a Chinese prison. There, he earns the trust of Panther (Yuen Wah), a cartel member, by breaking him out of prison. With the help of another undercover agent (Michelle Yeaoh), they travel to Hong Kong and join up with Panther's gang. Ka Kui is accepted by the gang's leader (Ken Tsang), but his operation is jeopardized when Ka Kui's girlfriend (Maggie Cheung) accidentally reveals his true identity.",Sebastian Stan
52,Dirty Harry,1971,89,90,R,Crime,English,Park Chan-wook,David Mamet,Cop Harry Callahan (Clint Eastwood) attempts to track down a psychopathic rooftop killer before a kidnapped girl dies. When he is found Harry abuses the murderer's civil rights putting him back on the streets. Once he is released he hijacks a school bus and Harry must go after him again. The only way to stop this vicious killer is in cold blood.,Harrison Ford
51,Edge of Tomorrow,2014,91,90,PG-13,Drama,English,William Friedkin,John Carpenter,"When Earth falls under attack from invincible aliens, no military unit in the world is able to beat them. Maj. William Cage (Tom Cruise), an officer who has never seen combat, is assigned to a suicide mission. Killed within moments, Cage finds himself thrown into a time loop, in which he relives the same brutal fight -- and his death -- over and over again. However, Cage's fighting skills improve with each encore, bringing him and a comrade (Emily Blunt) ever closer to defeating the aliens.",Gary Oldman
50,X2,2003,85,85,PG-13,Mystery&thriller,English,James Wan,Michael France,"Stryker (Brian Cox), a villianous former Army commander, holds the key to Wolverine's (Hugh Jackman) past and the future of the X-Men. This threat re-ignites the call for a mutant registration act. Stryker starts a full-out assault on Professor Xavier's (Patrick Stewart) mansion and school. After escaping his plastic cell, Magneto (Ian McKellen) proposes a partnership with Xavier and the X-Men to combat this new formidable enemy they both have in common.",Glenn Close
49,The Fugitive,1993,96,89,PG-13,Sci-fi,English,Luc Besson,Sylvester Stallone,"Wrongfully accused of murdering his wife, Richard Kimble (Harrison Ford) escapes from the law in an attempt to find her killer and clear his name. Pursuing him is a team of U.S. marshals led by Deputy Samuel Gerard (Tommy Lee Jones), a determined detective who will not rest until Richard is captured. As Richard leads the team through a series of intricate chases, he discovers the secrets behind his wife's death and struggles to expose the killer before it is too late.",Wendy Crewson
48,Black Panther,2018,96,79,PG-13,Action,English,Stanley Tong,Joss Whedon,"After the death of his father, T'Challa returns home to the African nation of Wakanda to take his rightful place as king. When a powerful enemy suddenly reappears, T'Challa's mettle as king -- and as Black Panther -- gets tested when he's drawn into a conflict that puts the fate of Wakanda and the entire world at risk. Faced with treachery and danger, the young king must rally his allies and release the full power of Black Panther to defeat his foes and secure the safety of his people.",Jean-Claude Van Damme
47,Inception,2010,87,91,PG-13,Adventure,English,Don Siegel,Edgar Wright,"Dom Cobb (Leonardo DiCaprio) is a thief with the rare ability to enter people's dreams and steal their secrets from their subconscious. His skill has made him a hot commodity in the world of corporate espionage but has also cost him everything he loves. Cobb gets a chance at redemption when he is offered a seemingly impossible task: Plant an idea in someone's mind. If he succeeds, it will be the perfect crime, but a dangerous enemy anticipates Cobb's every move.",Donald Gibb
46,Braveheart,1995,76,85,R,Mystery&thriller,English,Doug Liman,Simon Pegg,Tells the story of the legendary thirteenth century Scottish hero named William Wallace (Mel Gibson). Wallace rallies the Scottish against the English monarch and Edward I (Peter Hanly) after he suffers a personal tragedy by English soldiers. Wallace gathers a group of amateur warriors that is stronger than any English army.,Leah Ayres
45,Minority Report,2002,89,80,PG-13,Action,English,Bryan Singer,Walter Hill,"Based on a story by famed science fiction writer Philip K. Dick, ""Minority Report"" is an action-detective thriller set in Washington D.C. in 2054, where police utilize a psychic technology to arrest and convict murderers before they commit their crime. Tom Cruise plays the head of this Precrime unit and is himself accused of the future murder of a man he hasn't even met.",Norman Burton
44,Avengers: Endgame,2019,94,90,PG-13,Adventure,English,Andrew Davis,David Shaber,"Adrift in space with no food or water, Tony Stark sends a message to Pepper Potts as his oxygen supply starts to dwindle. Meanwhile, the remaining Avengers -- Thor, Black Widow, Captain America and Bruce Banner -- must figure out a way to bring back their vanquished allies for an epic showdown with Thanos -- the evil demigod who decimated the planet and the universe.",Wesley Snipes
43,Dredd,2012,80,72,R,Fantasy,English,Ryan Coogler,Sol Yurick,"Mega City One is a vast, violent metropolis where felons rule the streets. The only law lies with cops called ""judges,"" who act as judge, jury and executioner, and Dredd (Karl Urban) is one of the city's most feared. One day, Dredd is partnered with Cassandra (Olivia Thirlby), a rookie with powerful psychic abilities. A report of a terrible crime sends Dredd and Cassandra to a dangerous area controlled by Ma-Ma (Lena Headey), a drug lord who will stop at nothing to protect her empire.",Stephen Dorff
42,The Bourne Identity,2002,84,93,PG-13,Sci-fi,English,Christopher Nolan,Robert A. Heinlein,"The story of a man (Matt Damon), salvaged, near death, from the ocean by an Italian fishing boat. When he recuperates, the man suffers from total amnesia, without identity or background... except for a range of extraordinary talents in fighting, linguistic skills and self-defense that speak of a dangerous past. He sets out on a desperate search-assisted by the initially rebellious Marie (Franka Potente) - to discover who he really is, and why he's being lethally pursued by assassins.",Kris Kristofferson
41,Ip Man,2008,86,93,R,Comedy,Chinese,Mel Gibson,Edward Neumeier,"The life story of Yip Man, the first person to teach the Chinese martial art of Wing Chun.",N'Bushe Wright
40,Face/Off,1997,92,82,R,Action,English,Steven Spielberg,Br獺ulio Mantovani,"Obsessed with bringing terrorist Castor Troy (Nicolas Cage) to justice, FBI agent Sean Archer (John Travolta) tracks down Troy, who has boarded a plane in Los Angeles. After the plane crashes and Troy is severely injured, possibly dead, Archer undergoes surgery to remove his face and replace it with Troy's. As Archer tries to use his disguise to elicit information about a bomb from Troy's brother, Troy awakes from a coma and forces the doctor who performed the surgery to give him Archer's face.",Martin Lawrence
39,To Live and Die in L.A.,1985,88,79,R,Action,English,Anthony Russo,Jos矇 Padilha,"When his longtime partner on the force is killed, reckless U.S. Secret Service agent Richard Chance (William L. Petersen) vows revenge, setting out to nab dangerous counterfeit artist Eric Masters (Willem Dafoe). Along with his new, straitlaced partner, John Vukovich (John Pankow), Chance sets up a scheme to entrap Masters, resulting in the accidental death of an undercover officer. As Chance's desire for justice becomes an obsession, Vukovich questions the lawless methods he employs.",Will Smith
38,The Dark Knight,2008,94,94,PG-13,Sci-fi,English,Joe Russo,Rodrigo Pimentel,"With the help of allies Lt. Jim Gordon (Gary Oldman) and DA Harvey Dent (Aaron Eckhart), Batman (Christian Bale) has been able to keep a tight lid on crime in Gotham City. But when a vile young criminal calling himself the Joker (Heath Ledger) suddenly throws the town into chaos, the caped Crusader begins to tread a fine line between heroism and vigilantism.",T矇a Leoni
37,Mission: Impossible - Ghost Protocol,2011,93,76,PG-13,Action,English,Pete Travis,W. Peter Iliff,"Blamed for a terrorist attack on the Kremlin, Ethan Hunt (Tom Cruise) and the entire IMF agency are disavowed by the U.S. government, while the president initiates the Ghost Protocol. Forced to go ""off the grid"" -- left without resources or backup -- Hunt must somehow clear the agency's name and prevent another attack. Complicating matters even more, Ethan must undertake the impossible mission with a group of fellow IMF fugitives whose actual motives are suspect.",Tch矇ky Karyo
36,Fast Five,2011,78,83,PG-13,Action,English,Doug Liman,Kurt Wimmer,"Ever since ex-cop Brian O'Conner (Paul Walker) and Mia Torretto (Jordana Brewster) broke her brother Dom (Vin Diesel) out of custody, they've traveled border to border to evade authorities. In Rio de Janeiro, they must do one final job before they can gain their freedom for good. Assembling their elite team of car racers, Brian and Dom know they must confront the corrupt businessman who wants them dead, before the federal agent (Dwayne Johnson) on their trail finds them.",Bruce Willis
35,Lethal Weapon,1987,80,86,R,Crime,English,Wilson Yip,Shane Black,"Following the death of his wife, Los Angeles police detective Martin Riggs (Mel Gibson) becomes reckless and suicidal. When he is reassigned and partnered with Roger Murtaugh (Danny Glover), Riggs immediately clashes with the older officer. Together they uncover a massive drug-trafficking ring. As they encounter increasingly dangerous situations, Riggs and Murtaugh begin to form a bond. Riggs' volatile behavior might just help them apprehend the criminals -- if it doesn't kill them both first.",Jeremy Irons
34,The Rock,1996,67,85,R,Drama,English,John Woo,Simon Barrett,"FBI chemical warfare expert Stanley Goodspeed (Nicolas Cage) is sent on an urgent mission with a former British spy, John Patrick Mason (Sean Connery), to stop Gen. Francis X. Hummel (Ed Harris) from launching chemical weapons on Alcatraz Island into San Francisco. Gen. Hummel demands $100 million in war reparations to be paid to the families of slain servicemen who died on covert operations. After their SEAL team is wiped out, Stanley and John deal with the soldiers on their own.",Samuel L. Jackson
33,RoboCop,1987,92,84,R,Action,English,William Friedkin,Luc Besson,"In a violent, near-apocalyptic Detroit, evil corporation Omni Consumer Products wins a contract from the city government to privatize the police force. To test their crime-eradicating cyborgs, the company leads street cop Alex Murphy (Peter Weller) into an armed confrontation with crime lord Boddicker (Kurtwood Smith) so they can use his body to support their untested RoboCop prototype. But when RoboCop learns of the company's nefarious plans, he turns on his masters.",Graham Greene
32,John Wick: Chapter 2,2017,89,85,R,Mystery&thriller,English,Christopher Nolan,Robert Mark Kamen,"Retired super-assassin John Wick's plans to resume a quiet civilian life are cut short when Italian gangster Santino D'Antonio shows up on his doorstep with a gold marker, compelling him to repay past favors. Ordered by Winston, kingpin of secret assassin society The Continental, to respect the organization's ancient code, Wick reluctantly accepts the assignment to travel to Rome to take out D'Antonio's sister, the ruthless capo atop the Italian Camorra crime syndicate.",Arnold Schwarzenegger
31,Casino Royale,2006,94,90,PG-13,Action,English,Brad Bird,Zack Snyder,"After receiving a license to kill, British Secret Service agent James Bond (Daniel Craig) heads to Madagascar, where he uncovers a link to Le Chiffre (Mads Mikkelsen), a man who finances terrorist organizations. Learning that Le Chiffre plans to raise money in a high-stakes poker game, MI6 sends Bond to play against him, gambling that their newest ""00"" operative will topple the man's organization.",Maria Conchita Alonso
30,Baby Driver,2017,92,86,R,Action,English,Justin Lin,Kurt Johnstad,"Talented getaway driver Baby (Ansel Elgort) relies on the beat of his personal soundtrack to be the best in the game. After meeting the woman (Lily James) of his dreams, he sees a chance to ditch his shady lifestyle and make a clean break. Coerced into working for a crime boss (Kevin Spacey), Baby must face the music as a doomed heist threatens his life, love and freedom.",Richard Dawson
29,Fist of Legend,1994,100,92,R,Mystery&thriller,Chinese,Richard Donner,Michael B. Gordon,"Chinese martial arts student Chen Zhen (Jet Li) is studying in Kyoto, Japan, when he learns his mentor has died in a match against Ryuichi Akutagawa (Jackson Liu). Returning home to the Japanese-occupied Shanghai of 1937, Chen challenges Ryuichi to a fight and easily defeats him. Concluding his master was set up, Chen has an autopsy performed. Meanwhile, word of his martial arts skill entices new students hoping to study with him, making his teacher's son, Huo Ting-An (Chin Siu Ho), jealous.",Yaphet Kotto
28,The Killer,1989,95,92,R,Comedy,Chinese,Michael Bay,James Cameron,"Mob assassin Jeffrey (Chow Yun-Fat) is no ordinary hired gun; the best in his business, he views his chosen profession as a calling rather than simply a job. So, when beautiful nightclub chanteuse Jennie (Sally Yeh) is blinded in the crossfire of his most recent hit, Jeffrey chooses to retire after one last job to pay for his unintended victim's sight-restoring operation. But when Jeffrey is double-crossed, he reluctantly joins forces with a rogue policeman (Danny Lee) to make things right.",Chuck Norris
27,The Raid 2,2014,82,87,R,Action,Indonesian,Paul Verhoeven,Peter M. Lenkov,"After surviving a bloody fight with powerful gangsters, rookie Jakarta cop Rama (Iko Uwais) thinks he can resume a normal life. However, his exploits during that fateful incident have attracted the attention of criminals even more deadly than the last. His family at risk, Rama has no choice but to go under cover. He gets himself thrown in prison, where he befriends the son of a prominent crime kingpin. Rama must lay his own life on the line to finally destroy the criminal empire.",Henry Silva
26,Enter the Dragon,1973,88,91,R,Mystery&thriller,English,Chad Stahelski,Daniel Waters,Bruce Lee plays a martial-arts expert determined to help capture the narcotics dealer whose gang was responsible for the death of his sister. Lee enters a kung fu competition in an attempt to fight his way to the dealer's headquarters with the help of some friends.,Bert Remsen
25,Commando,1985,67,68,R,Action,English,Martin Campbell,Robert Reneau,"Retired Special Forces soldier John Matrix (Arnold Schwarzenegger) lives with daughter Jenny (Alyssa Milano) in isolation, but his privacy is disturbed by former commander Franklin Kirby (James Olson), who warns him that his fellow soldiers are getting killed one by one. After Kirby leaves, Jenny is kidnapped by former Latin American dictator Arius (Dan Hedaya), who wants Matrix to restore him to power. Instead, Matrix sets out to take down the rogue leader and rescue his daughter.",Mike Genovese
24,First Blood,1982,86,85,R,Adventure,English,Edgar Wright,Ilya Naishuller,"Vietnam veteran and drifter John J. Rambo (Sylvester Stallone) wanders into a small Washington town in search of an old friend, but is met with intolerance and brutality by the local sheriff, Will Teasle (Brian Dennehy). When Teasle and his deputies restrain and shave Rambo, he flashes back to his time as a prisoner of war and unleashes his fury on the officers. He narrowly escapes the manhunt, but it will take his former commander (Richard Crenna) to save the hunters from the hunted.",Clive Owen
23,Mission: Impossible Rogue Nation,2015,94,87,PG-13,Drama,English,Gordon Chan,Jackie Chan,"With the IMF now disbanded and Ethan Hunt (Tom Cruise) out in the cold, a new threat -- called the Syndicate -- soon emerges. The Syndicate is a network of highly skilled operatives who are dedicated to establishing a new world order via an escalating series of terrorist attacks. Faced with what may be the most impossible mission yet, Ethan gathers his team and joins forces with Ilsa Faust (Rebecca Ferguson), a disavowed British agent who may or may not be a member of this deadly rogue nation.",Paul Giamatti
22,The Terminator,1984,100,89,R,Action,English,John Woo,Edward Tang,"Disguised as a human, a cyborg assassin known as a Terminator (Arnold Schwarzenegger) travels from 2029 to 1984 to kill Sarah Connor (Linda Hamilton). Sent to protect Sarah is Kyle Reese (Michael Biehn), who divulges the coming of Skynet, an artificial intelligence system that will spark a nuclear holocaust. Sarah is targeted because Skynet knows that her unborn son will lead the fight against them. With the virtually unstoppable Terminator in hot pursuit, she and Kyle attempt to escape.",Monica Bellucci
21,Gladiator,2000,80,87,R,Comedy,English,Gareth Evans,St矇phane Cabel,"Commodus (Joaquin Phoenix) takes power and strips rank from Maximus (Russell Crowe), one of the favored generals of his predecessor and father, Emperor Marcus Aurelius, the great stoical philosopher. Maximus is then relegated to fighting to the death in the gladiator arenas.",Daniel Pilon
20,Kill Bill: Vol. 1,2003,85,81,R,Sci-fi,English,Robert Clouse,St矇phane Cabel,"A former assassin, known simply as The Bride (Uma Thurman), wakes from a coma four years after her jealous ex-lover Bill (David Carradine) attempts to murder her on her wedding day. Fueled by an insatiable desire for revenge, she vows to get even with every person who contributed to the loss of her unborn child, her entire wedding party, and four years of her life. After devising a hit list, The Bride sets off on her quest, enduring unspeakable injury and unscrupulous enemies.",Jason Statham
19,The Professional,1994,74,95,R,Action,English,Mark L. Lester,St矇phane Cabel,"Mathilda (Natalie Portman) is only 12 years old, but is already familiar with the dark side of life: her abusive father stores drugs for corrupt police officers, and her mother neglects her. L矇on (Jean Reno), who lives down the hall, tends to his houseplants and works as a hired hitman for mobster Tony (Danny Aiello). When her family is murdered by crooked DEA agent Stansfield (Gary Oldman), Mathilda joins forces with a reluctant L矇on to learn his deadly trade and avenge her family's deaths.",Amy Smart
18,Speed,1994,95,76,R,Action,English,Ted Kotcheff,Christophe Gans,"Los Angeles police officer Jack (Keanu Reeves) angers retired bomb squad member Howard Payne (Dennis Hopper) by foiling his attempt at taking hostages. In revenge, Payne arms a bus with a bomb that will explode if it drops below 50 miles per hour. With the help of spunky passenger Annie (Sandra Bullock), Jack and his partner Harry (Jeff Daniels) try to save the people on the bus before the bomb goes off, while also trying to figure out how Payne is monitoring them.",Jose Pablo Cantillo
17,Drunken Master II,1994,84,88,R,Sci-fi,Chinese,Christopher McQuarrie,Jane Goldman,"From a land where honor and tradition reign, comes the legend of a martial-arts hero unlike any other -- the ""Drunken Master"" -- who can turn just one drink into devastation and humiliation for his enemies. His technique is fast, furious... and powerfully funny.",Efren Ramirez
16,John Wick,2014,86,81,R,Action,English,James Cameron,Matthew Vaughn,"Legendary assassin John Wick (Keanu Reeves) retired from his violent career after marrying the love of his life. Her sudden death leaves John in deep mourning. When sadistic mobster Iosef Tarasov (Alfie Allen) and his thugs steal John's prized car and kill the puppy that was a last gift from his wife, John unleashes the remorseless killing machine within and seeks vengeance. Meanwhile, Iosef's father (Michael Nyqvist) -- John's former colleague -- puts a huge bounty on John's head.",Danny Trejo
15,"Crouching Tiger, Hidden Dragon",2000,98,86,PG-13,Fantasy,Chinese,Ridley Scott,Luc Besson,"In 19th century Qing Dynasty China, a warrior (Chow Yun-Fat) gives his sword, Green Destiny, to his lover (Michelle Yeoh) to deliver to safe keeping, but it is stolen, and the chase is on to find it. The search leads to the House of Yu where the story takes on a whole different level.",Robert De Niro
14,Predator,1987,80,87,R,Action,English,Quentin Tarantino,Robert Mark Kamen,"Dutch (Arnold Schwarzenegger), a soldier of fortune, is hired by the U.S. government to secretly rescue a group of politicians trapped in Guatemala. But when Dutch and his team, which includes weapons expert Blain (Jesse Ventura) and CIA agent George (Carl Weathers), land in Central America, something is gravely wrong. After finding a string of dead bodies, the crew discovers they are being hunted by a brutal creature with superhuman strength and the ability to disappear into its surroundings.",Jessica Alba
13,The Bourne Ultimatum,2007,92,91,PG-13,Horror,English,Luc Besson,Gary Goldman,"Jason Bourne (Matt Damon) continues his international quest to uncover his true identity. From Russia to Europe to northern Africa to the United States, he must stay one step ahead of those who would capture or kill him before he has a chance to discover the truth.",Steven Seagal
12,Total Recall,1990,82,79,R,Action,English,Jan de Bont,David Weinstein,"Douglas Quaid (Arnold Schwarzenegger) is a bored construction worker in the year 2084 who dreams of visiting the colonized Mars. He visits ""Rekall,"" a company that plants false memories into people's brains, in order to experience the thrill of Mars without having to travel there. But something goes wrong during the procedure; Quaid discovers that his entire life is actually a false memory and that the people who implanted it in his head now want him dead.",Ryan Gosling
11,Mad Max 2: The Road Warrior,1981,93,86,R,Adventure,English,Chia-Liang Liu,W.D. Richter,"After avenging the death of his wife and young son at the hands of a vicious gang leader, Max (Mel Gibson) drives the post-apocalyptic highways of the Australian outback, fending off attacks from nomadic tribes that prey on outsiders. Falling into an encampment led by the relatively peaceful Pappagallo (Mike Preston), Max at first schemes to steal their oil, but soon becomes the group's reluctant defender against the hulking Humungus (Kjell Nilsson) and his ruthless marauders.",Carey Mulligan
10,Heat,1995,89,94,R,Comedy,English,Chad Stahelski,Kurt Johnstad,"Master criminal Neil McCauley (Robert De Niro) is trying to control the rogue actions of one of his men, while also planning one last big heist before retiring. Meanwhile, Lieutenant Hanna (Al Pacino) attempts to track down McCauley as he deals with the chaos in his own life, including the infidelity of his wife (Diane Venora) and the mental health of his stepdaughter (Natalie Portman). McCauley and Hanna discover a mutual respect, even as they try to thwart each other's plans.",Bryan Cranston
9,The Raid: Redemption,2011,87,87,R,Sci-fi,Indonesian,Ang Lee,Edward Tang,"A rookie member of an elite team of commandos, Rama (Iko Uwais) is instructed to hang back while his comrades-in-arms go ahead with their mission to take down a brutal crime lord called Tama (Ray Sahetapy). However, the team's cover is blown, and Tama offers sanctuary to every criminal in his high-rise apartment block in exchange for the cops' heads. Now Rama must take command and lead his remaining team on an ultraviolent charge through the building to complete -- and survive -- the mission.",Albert Brooks
8,Mission: Impossible - Fallout,2018,97,88,PG-13,Adventure,English,John McTiernan,Fibe Ma,"Ethan Hunt and the IMF team join forces with CIA assassin August Walker to prevent a disaster of epic proportions. Arms dealer John Lark and a group of terrorists known as the Apostles plan to use three plutonium cores for a simultaneous nuclear attack on the Vatican, Jerusalem and Mecca, Saudi Arabia. When the weapons go missing, Ethan and his crew find themselves in a desperate race against time to prevent them from falling into the wrong hands.",Jack Nicholson
7,Raiders of the Lost Ark,1981,93,96,PG,Action,English,Paul Greengrass,Luc Besson,"Dr. Indiana Jones, a renowned archeologist and expert in the occult, is hired by the U.S. Government to find the ark of the covenant, which is believed to still hold the Ten Commandments. Unfortunately, Hitler's agents are also after the ark. Indy and his ex-flame Marion escape from various close scrapes in a quest that takes them from Nepal to Cairo.",Michael Keaton
6,Aliens,1986,98,94,R,Fantasy,English,Paul Verhoeven,Bibi Naceri,"After floating in space for 57 years, Lt. Ripley's (Sigourney Weaver) shuttle is found by a deep space salvage team. Upon arriving at LV-426, the marines find only one survivor, a nine year old girl named Newt (Carrie Henn). But even these battle-hardened marines with all the latest weaponry are no match for the hundreds of aliens that have invaded the colony.",Kim Basinger
5,Hard-Boiled,1992,92,92,R,Action,Chinese,George Miller,Danilo Bach,A cop who loses his partner in a shoot-out with gun smugglers goes on a mission to catch them. In order to get closer to the leaders of the ring he joins forces with an undercover cop who's working as a gangster hitman. They use all means of excessive force to find them.,Robert Wuhl
4,The Matrix,1999,83,85,R,Fantasy,English,Michael Mann,Daniel Petrie Jr.,"Neo (Keanu Reeves) believes that Morpheus (Laurence Fishburne), an elusive figure considered to be the most dangerous man alive, can answer his question -- What is the Matrix? Neo is contacted by Trinity (Carrie-Anne Moss), a beautiful stranger who leads him into an underworld where he meets Morpheus. They fight a brutal battle for their lives against a cadre of viciously intelligent secret agents. It is a truth that could cost Neo something more precious than his life.",Steven Seagal
3,Terminator 2: Judgment Day,1991,91,95,R,Action,English,Gareth Evans,Panna Rittikrai,"In this sequel set eleven years after ""The Terminator,"" young John Connor (Edward Furlong), the key to civilization's victory over a future robot uprising, is the target of the shape-shifting T-1000 (Robert Patrick), a Terminator sent from the future to kill him. Another Terminator, the revamped T-800 (Arnold Schwarzenegger), has been sent back to protect the boy. As John and his mother (Linda Hamilton) go on the run with the T-800, the boy forms an unexpected bond with the robot.",Tommy Lee Jones
2,Die Hard,1988,94,94,R,Mystery&thriller,English,Christopher McQuarrie,Prachya Pinkaew,"New York City policeman John McClane (Bruce Willis) is visiting his estranged wife (Bonnie Bedelia) on Christmas Eve. He joins her at a holiday party in the headquarters of the Japanese-owned business she works for. But the festivities are interrupted by a group of terrorists who take over the exclusive high-rise, and everyone in it. Very soon McClane realizes that there's no one to save the hostages -- but him.",Gary Busey
1,Mad Max: Fury Road,2015,97,86,R,Lgbtq+,English,Steven Spielberg,Stuart Beattie,"Years after the collapse of civilization, the tyrannical Immortan Joe enslaves apocalypse survivors inside the desert fortress the Citadel. When the warrior Imperator Furiosa (Charlize Theron) leads the despot's five wives in a daring escape, she forges an alliance with Max Rockatansky (Tom Hardy), a loner and former captive. Fortified in the massive, armored truck the War Rig, they try to outrun the ruthless warlord and his henchmen in a deadly high-speed chase through the Wasteland.",Erika Eleniak
,,,,,,Action,,James Cameron,Stuart Beattie,,Will Smith
,,,,,,Action,,John Woo,Frank Darabont,,Bill Pullman
,,,,,,Sci-fi,,Lilly Wachowski,Michael Mann,,Jeff Goldblum
,,,,,,Mystery&thriller,,Lana Wachowski,Hark Tsui,,Mary McDonnell
,,,,,,Comedy,,James Cameron,Elsa Tang,,Steve McQueen
,,,,,,Action,,John McTiernan,Lau Tai Mok,,Robert Vaughn
,,,,,,Action,,George Miller,Nick Castle,,Jacqueline Bisset
,,,,,,Mystery&thriller,,,John Carpenter,,Don Gordon
,,,,,,Crime,,,Kenta Fukasaku,,James McAvoy
,,,,,,Drama,,,Alvin Sargent,,Morgan Freeman
,,,,,,Action,,,Michael Chabon,,Angelina Jolie
,,,,,,Action,,,Alfred Gough,,Terence Stamp
,,,,,,Sci-fi,,,Miles Millar,,Christopher Reeve
,,,,,,Mystery&thriller,,,Daisuke Tengan,,Gene Hackman
,,,,,,Action,,,Yin Nam,,Marlon Brando
,,,,,,Comedy,,,Jeffrey Boam,,Margot Kidder
,,,,,,Action,,,George Lucas,,Robert De Niro
,,,,,,Adventure,,,Menno Meyjes,,Jean Reno
,,,,,,Fantasy,,,Xin Huo,,Natascha McElhone
,,,,,,Action,,,Tsang Kan Cheong,,Stellan Skarsg疇rd
,,,,,,Adventure,,,Stephen Chow,,Roddy Piper
,,,,,,History,,,Chan Man Keung,,Keith David
,,,,,,Drama,,,Chan Hing-Kai,,Meg Foster
,,,,,,Crime,,,Leung Suk-Wah,,"George ""Buck"" Flower"
,,,,,,Drama,,,Mark Fergus,,Sylvester Stallone
,,,,,,Adventure,,,Hawk Ostby,,John Lithgow
,,,,,,Action,,,Art Marcum,,Michael Rooker
,,,,,,Action,,,Matt Holloway,,Janine Turner
,,,,,,Comedy,,,Timo Tjahjanto,,Robert Downey Jr.
,,,,,,Fantasy,,,James Mangold,,Chris Evans
,,,,,,Crime,,,Michael Green,,Mark Ruffalo
,,,,,,Drama,,,Scott Frank,,Chris Hemsworth
,,,,,,Action,,,Ian Fleming,,Simon Pegg
,,,,,,Adventure,,,Richard Maibaum,,Nick Frost
,,,,,,Sci-fi,,,Paul Dehn,,Jim Broadbent
,,,,,,Fantasy,,,John Carpenter,,Paddy Considine
,,,,,,Action,,,Allan Heinberg,,Michael Beck
,,,,,,Mystery&thriller,,,Christopher Markus,,James Remar
,,,,,,Action,,,Stephen McFeely,,Dorsey Wright
,,,,,,Adventure,,,Im Jun-hyeong,,Brian Tyler
,,,,,,Fantasy,,,Ernest Tidyman,,Casper Van Dien
,,,,,,Action,,,Chris Morgan,,Dina Meyer
,,,,,,Action,,,Luc Besson,,Denise Richards
,,,,,,Action,,,Edward Tang,,Jake Busey
,,,,,,Adventure,,,Fibe Ma,,Wagner Moura
,,,,,,Fantasy,,,Lee Wai Yee,,Irandhir Santos
,,,,,,Adventure,,,Harry Julian Fink,,Andr矇 Ramiro
,,,,,,Action,,,Harry Julian Fink,,Pedro Van-Held
,,,,,,Adventure,,,Rita M. Fink,,Patrick Swayze
,,,,,,Fantasy,,,Rita M. Fink,,Keanu Reeves
,,,,,,Action,,,Dean Riesner,,Gary Busey
,,,,,,Mystery&thriller,,,Christopher McQuarrie,,Lori Petty
,,,,,,Crime,,,Jez Butterworth,,Geena Davis
,,,,,,Drama,,,John-Henry Butterworth,,Samuel L. Jackson
,,,,,,Mystery&thriller,,,Dan Harris,,Patrick Malahide
,,,,,,Action,,,Michael Dougherty,,Craig Bierko
,,,,,,Adventure,,,David Hayter,,Dan Stevens
,,,,,,Mystery&thriller,,,Bryan Singer,,Maika Monroe
,,,,,,Mystery&thriller,,,Zak Penn,,Leland Orser
,,,,,,Action,,,Jeb Stuart,,Sheila Kelley
,,,,,,Action,,,David Twohy,,Liam Neeson
,,,,,,Action,,,Ryan Coogler,,Maggie Grace
,,,,,,Mystery&thriller,,,Joe Robert Cole,,Famke Janssen
,,,,,,Crime,,,Christopher Nolan,,Leland Orser
,,,,,,Drama,,,Randall Wallace,,Gerard Butler
,,,,,,Sci-fi,,,Philip K. Dick,,Lena Headey
,,,,,,Action,,,Scott Frank,,David Wenham
,,,,,,Action,,,Jon Cohen,,Dominic West
,,,,,,Adventure,,,Christopher Markus,,Arnold Schwarzenegger
,,,,,,Fantasy,,,Stephen McFeely,,Jamie Lee Curtis
,,,,,,Sci-fi,,,Alex Garland,,Tom Arnold
,,,,,,Action,,,William Blake Herron,,Bill Paxton
,,,,,,Mystery&thriller,,,Tony Gilroy,,Sylvester Stallone
,,,,,,Action,,,David Self,,Wesley Snipes
,,,,,,Adventure,,,Robert Ludlum,,Sandra Bullock
,,,,,,Fantasy,,,Edmond Wong,,Nigel Hawthorne
,,,,,,Sci-fi,,,Mike Werb,,Sharlto Copley
,,,,,,Mystery&thriller,,,Michael Colleary,,Danila Kozlovsky
,,,,,,Action,,,William Friedkin,,Haley Bennett
,,,,,,History,,,Gerald Petievich,,Darya Charusha
,,,,,,Drama,,,Jonathan Nolan,,Jackie Chan
,,,,,,Biography,,,Christopher Nolan,,Brigitte Lin
,,,,,,War,,,Josh Appelbaum,,Maggie Cheung
,,,,,,Sci-fi,,,Andre Nemec,,Bill Tung
,,,,,,Mystery&thriller,,,Chris Morgan,,Samuel Le Bihan
,,,,,,Action,,,Shane Black,,Mark Dacascos
,,,,,,Action,,,Douglas S. Cook,,?milie Dequenne
,,,,,,Adventure,,,David Weisberg,,Vincent Cassel
,,,,,,Fantasy,,,Mark Rosner,,Colin Firth
,,,,,,Sci-fi,,,Edward Neumeier,,Michael Caine
,,,,,,Action,,,Michael Miner,,Taron Egerton
,,,,,,Sci-fi,,,Derek Kolstad,,Samuel L. Jackson
,,,,,,Action,,,Neal Purvis,,Bruce Willis
,,,,,,Mystery&thriller,,,Robert Wade,,Gary Oldman
,,,,,,Action,,,Anthony Waye,,Ian Holm
,,,,,,Biography,,,Ian Fleming,,Milla Jovovich
,,,,,,History,,,Edgar Wright,,Kurt Russell
,,,,,,Drama,,,Gordon Chan,,Kim Cattrall
,,,,,,Action,,,Lan Kay Toa,,Dennis Dun
,,,,,,Crime,,,Kwong Kim Yip,,James Hong
,,,,,,Drama,,,John Woo,,Charlize Theron
,,,,,,Action,,,Gareth Evans,,James McAvoy
,,,,,,Adventure,,,Michael Allin,,Eddie Marsan
,,,,,,Fantasy,,,Matthew Weisman,,John Goodman
,,,,,,Action,,,Jeph Loeb,,Jackie Chan
,,,,,,Adventure,,,Steven E. de Souza,,Anita Mui
,,,,,,Mystery&thriller,,,Steven E. de Souza,,Bill Tung
,,,,,,Action,,,Michael Kozoll,,Fran癟oise Yip
,,,,,,Action,,,William Sackheim,,Cyril Raffaelli
,,,,,,Mystery&thriller,,,Sylvester Stallone,,David Belle
,,,,,,Action,,,David Morrell,,Tony D'Amario
,,,,,,Sci-fi,,,Christopher McQuarrie,,Bibi Naceri
,,,,,,Action,,,James Cameron,,Eddie Murphy
,,,,,,Action,,,Gale Anne Hurd,,Judge Reinhold
,,,,,,Mystery&thriller,,,David Franzoni,,John Ashton
,,,,,,Action,,,John Logan,,Lisa Eilbacher
,,,,,,Adventure,,,William Nicholson,,Tony Jaa
,,,,,,Mystery&thriller,,,David Franzoni,,Pumwaree Yodkamol
,,,,,,Action,,,Quentin Tarantino,,Phetthai Vongkumlao
,,,,,,Mystery&thriller,,,Luc Besson,,Suchao Pongwilai
,,,,,,Action,,,Graham Yost,,Tom Cruise
,,,,,,Crime,,,King-Sang Tseng,,Jamie Foxx
,,,,,,Drama,,,Kai-Chi Yun,,Jada Pinkett Smith
,,,,,,Action,,,Derek Kolstad,,Mark Ruffalo
,,,,,,Crime,,,Wang Du-lu,,Yu Rong-Guang
,,,,,,Drama,,,Hui-Ling Wang,,Donnie Yen
,,,,,,Action,,,James Schamus,,Sze-Man Tsang
,,,,,,Adventure,,,Kuo Jung Tsai,,Jean Wang
,,,,,,Action,,,Jim Thomas,,Kurt Russell
,,,,,,Action,,,John Thomas,,Ernest Borgnine
,,,,,,Adventure,,,Tony Gilroy,,Adrienne Barbeau
,,,,,,Action,,,Scott Z. Burns,,Lee Van Cleef
,,,,,,Adventure,,,George Nolfi,,Tatsuya Fujiwara
,,,,,,Mystery&thriller,,,Philip K. Dick,,Aki Maeda
,,,,,,Sci-fi,,,Jon Povill,,Taro Yamamoto
,,,,,,Action,,,Gary Goldman,,Masanobu And繫
,,,,,,Mystery&thriller,,,Terry Hayes,,Tobey Maguire
,,,,,,History,,,George Miller,,Kirsten Dunst
,,,,,,Drama,,,Brian Hannant,,James Franco
,,,,,,Adventure,,,Michael Mann,,Alfred Molina
,,,,,,Action,,,Gareth Evans,,K繫ji Yakusho
,,,,,,Action,,,Christopher McQuarrie,,Takayuki Yamada
,,,,,,Mystery&thriller,,,Lawrence Kasdan,,Yusuke Iseya
,,,,,,Mystery&thriller,,,George Lucas,,Goro Inagaki
,,,,,,Action,,,Philip Kaufman,,Chow Yun-Fat
,,,,,,Crime,,,James Cameron,,Simon Yam
,,,,,,Drama,,,David Giler,,Bonnie Fu
,,,,,,Action,,,Barry Ping-Yiu Wong,,Wong Chow-Sang
,,,,,,Mystery&thriller,,,John Woo,,Harrison Ford
,,,,,,Action,,,Lilly Wachowski,,Sean Connery
,,,,,,Comedy,,,Lana Wachowski,,Denholm Elliott
,,,,,,Action,,,James Cameron,,Alison Doody
,,,,,,Mystery&thriller,,,William Wisher Jr.,,Stephen Chow
,,,,,,Adventure,,,Roderick Thorp,,Yuen Wah
,,,,,,Action,,,Jeb Stuart,,Yuen Qiu
,,,,,,Action,,,Steven E. de Souza,,Siu-Lung Leung
,,,,,,Adventure,,,George Miller,,Ti Lung
,,,,,,Sci-fi,,,Brendan McCarthy,,Chow Yun-Fat
,,,,,,Action,,,Nick Lathouris,,Leslie Cheung
,,,,,,Mystery&thriller,,,,,Emily Chu
,,,,,,Sci-fi,,,,,Robert Downey Jr.
,,,,,,Action,,,,,Terrence Howard
,,,,,,Action,,,,,Gwyneth Paltrow
,,,,,,Adventure,,,,,Jeff Bridges
,,,,,,Crime,,,,,Joe Taslim
,,,,,,Drama,,,,,Iko Uwais
,,,,,,Action,,,,,Julie Estelle
,,,,,,Crime,,,,,Sunny Pang
,,,,,,Drama,,,,,Hugh Jackman
,,,,,,Action,,,,,Patrick Stewart
,,,,,,Adventure,,,,,Dafne Keen
,,,,,,Mystery&thriller,,,,,Richard E. Grant
,,,,,,Adventure,,,,,Sean Connery
,,,,,,Action,,,,,Gert Fr繹be
,,,,,,Sci-fi,,,,,Honor Blackman
,,,,,,Horror,,,,,Shirley Eaton
,,,,,,Action,,,,,Austin Stoker
,,,,,,Action,,,,,Darwin Joston
,,,,,,Sci-fi,,,,,Laurie Zimmer
,,,,,,Action,,,,,Martin West
,,,,,,Sci-fi,,,,,Gal Gadot
,,,,,,Action,,,,,Chris Pine
,,,,,,Mystery&thriller,,,,,Connie Nielsen
,,,,,,Action,,,,,Robin Wright
,,,,,,Mystery&thriller,,,,,Bruce Lee
,,,,,,Action,,,,,Nora Miao
,,,,,,Adventure,,,,,James Tien
,,,,,,,,,,,Robert Baker
,,,,,,,,,,,Chris Evans
,,,,,,,,,,,Scarlett Johansson
,,,,,,,,,,,Samuel L. Jackson
,,,,,,,,,,,Sebastian Stan
,,,,,,,,,,,Choi Min-sik
,,,,,,,,,,,Yoo Ji-tae
,,,,,,,,,,,Kang Hye-jung
,,,,,,,,,,,Ji Dae-han
,,,,,,,,,,,Gene Hackman
,,,,,,,,,,,Fernando Rey
,,,,,,,,,,,Roy Scheider
,,,,,,,,,,,Tony Lo Bianco
,,,,,,,,,,,Vin Diesel
,,,,,,,,,,,Paul Walker
,,,,,,,,,,,Dwayne Johnson
,,,,,,,,,,,Michelle Rodriguez
,,,,,,,,,,,Anne Parillaud
,,,,,,,,,,,Jean-Hugues Anglade
,,,,,,,,,,,Tch矇ky Karyo
,,,,,,,,,,,Jeanne Moreau
,,,,,,,,,,,Jackie Chan
,,,,,,,,,,,Michelle Yeoh
,,,,,,,,,,,Maggie Cheung
,,,,,,,,,,,Kenneth Tsang
,,,,,,,,,,,Clint Eastwood
,,,,,,,,,,,Harry Guardino
,,,,,,,,,,,Reni Santoni
,,,,,,,,,,,John Larch
,,,,,,,,,,,Tom Cruise
,,,,,,,,,,,Emily Blunt
,,,,,,,,,,,Brendan Gleeson
,,,,,,,,,,,Bill Paxton
,,,,,,,,,,,Patrick Stewart
,,,,,,,,,,,Hugh Jackman
,,,,,,,,,,,Ian McKellen
,,,,,,,,,,,Halle Berry
,,,,,,,,,,,Harrison Ford
,,,,,,,,,,,Tommy Lee Jones
,,,,,,,,,,,Sela Ward
,,,,,,,,,,,Julianne Moore
,,,,,,,,,,,Chadwick Boseman
,,,,,,,,,,,Michael B. Jordan
,,,,,,,,,,,Lupita Nyong'o
,,,,,,,,,,,Danai Gurira
,,,,,,,,,,,Leonardo DiCaprio
,,,,,,,,,,,Joseph Gordon-Levitt
,,,,,,,,,,,Elliot Page
,,,,,,,,,,,Tom Hardy
,,,,,,,,,,,Mel Gibson
,,,,,,,,,,,Sophie Marceau
,,,,,,,,,,,Patrick McGoohan
,,,,,,,,,,,Catherine McCormack
,,,,,,,,,,,Tom Cruise
,,,,,,,,,,,Colin Farrell
,,,,,,,,,,,Samantha Morton
,,,,,,,,,,,Max von Sydow
,,,,,,,,,,,Robert Downey Jr.
,,,,,,,,,,,Chris Evans
,,,,,,,,,,,Mark Ruffalo
,,,,,,,,,,,Chris Hemsworth
,,,,,,,,,,,Karl Urban
,,,,,,,,,,,Olivia Thirlby
,,,,,,,,,,,Lena Headey
,,,,,,,,,,,Wood Harris
,,,,,,,,,,,Matt Damon
,,,,,,,,,,,Franka Potente
,,,,,,,,,,,Chris Cooper
,,,,,,,,,,,Clive Owen
,,,,,,,,,,,Donnie Yen
,,,,,,,,,,,Simon Yam
,,,,,,,,,,,Siu-wong Fan
,,,,,,,,,,,Ka Tung Lam
,,,,,,,,,,,John Travolta
,,,,,,,,,,,Nicolas Cage
,,,,,,,,,,,Joan Allen
,,,,,,,,,,,Alessandro Nivola
,,,,,,,,,,,William Petersen
,,,,,,,,,,,Willem Dafoe
,,,,,,,,,,,John Pankow
,,,,,,,,,,,Debra Feuer
,,,,,,,,,,,Christian Bale
,,,,,,,,,,,Heath Ledger
,,,,,,,,,,,Aaron Eckhart
,,,,,,,,,,,Michael Caine
,,,,,,,,,,,Tom Cruise
,,,,,,,,,,,Jeremy Renner
,,,,,,,,,,,Simon Pegg
,,,,,,,,,,,Paula Patton
,,,,,,,,,,,Vin Diesel
,,,,,,,,,,,Paul Walker
,,,,,,,,,,,Jordana Brewster
,,,,,,,,,,,Tyrese Gibson
,,,,,,,,,,,Mel Gibson
,,,,,,,,,,,Danny Glover
,,,,,,,,,,,Gary Busey
,,,,,,,,,,,Mitch Ryan
,,,,,,,,,,,Sean Connery
,,,,,,,,,,,Nicolas Cage
,,,,,,,,,,,Ed Harris
,,,,,,,,,,,Michael Biehn
,,,,,,,,,,,Peter Weller
,,,,,,,,,,,Nancy Allen
,,,,,,,,,,,Ronny Cox
,,,,,,,,,,,Dan O'Herlihy
,,,,,,,,,,,Keanu Reeves
,,,,,,,,,,,Common
,,,,,,,,,,,Laurence Fishburne
,,,,,,,,,,,Riccardo Scamarcio
,,,,,,,,,,,Daniel Craig
,,,,,,,,,,,Eva Green
,,,,,,,,,,,Mads Mikkelsen
,,,,,,,,,,,Judi Dench
,,,,,,,,,,,Ansel Elgort
,,,,,,,,,,,Kevin Spacey
,,,,,,,,,,,Lily James
,,,,,,,,,,,Jon Bernthal
,,,,,,,,,,,Jet Li
,,,,,,,,,,,Chin Siu Ho
,,,,,,,,,,,Billy Chow Bei-Lei
,,,,,,,,,,,Yasuaki Kurata
,,,,,,,,,,,Chow Yun-Fat
,,,,,,,,,,,Danny Lee
,,,,,,,,,,,Sally Yeh
,,,,,,,,,,,Kenneth Tsang
,,,,,,,,,,,Iko Uwais
,,,,,,,,,,,Yayan Ruhian
,,,,,,,,,,,Arifin Putra
,,,,,,,,,,,Oka Antara
,,,,,,,,,,,Bruce Lee
,,,,,,,,,,,John Saxon
,,,,,,,,,,,Jim Kelly
,,,,,,,,,,,Ahna Capri
,,,,,,,,,,,Arnold Schwarzenegger
,,,,,,,,,,,Rae Dawn Chong
,,,,,,,,,,,Dan Hedaya
,,,,,,,,,,,Vernon Wells
,,,,,,,,,,,Sylvester Stallone
,,,,,,,,,,,Richard Crenna
,,,,,,,,,,,Brian Dennehy
,,,,,,,,,,,David Caruso
,,,,,,,,,,,Tom Cruise
,,,,,,,,,,,Jeremy Renner
,,,,,,,,,,,Simon Pegg
,,,,,,,,,,,Rebecca Ferguson
,,,,,,,,,,,Arnold Schwarzenegger
,,,,,,,,,,,Linda Hamilton
,,,,,,,,,,,Michael Biehn
,,,,,,,,,,,Paul Winfield
,,,,,,,,,,,Russell Crowe
,,,,,,,,,,,Joaquin Phoenix
,,,,,,,,,,,Connie Nielsen
,,,,,,,,,,,Oliver Reed
,,,,,,,,,,,Uma Thurman
,,,,,,,,,,,Lucy Liu
,,,,,,,,,,,Vivica A. Fox
,,,,,,,,,,,Michael Madsen
,,,,,,,,,,,Jean Reno
,,,,,,,,,,,Gary Oldman
,,,,,,,,,,,Natalie Portman
,,,,,,,,,,,Danny Aiello
,,,,,,,,,,,Keanu Reeves
,,,,,,,,,,,Dennis Hopper
,,,,,,,,,,,Sandra Bullock
,,,,,,,,,,,Joe Morton
,,,,,,,,,,,Jackie Chan
,,,,,,,,,,,Ti Lung
,,,,,,,,,,,Anita Mui
,,,,,,,,,,,Chia-Liang Liu
,,,,,,,,,,,Keanu Reeves
,,,,,,,,,,,Michael Nyqvist
,,,,,,,,,,,Alfie Allen
,,,,,,,,,,,Willem Dafoe
,,,,,,,,,,,Chow Yun-Fat
,,,,,,,,,,,Michelle Yeoh
,,,,,,,,,,,Zhang Ziyi
,,,,,,,,,,,Chang Chen
,,,,,,,,,,,Arnold Schwarzenegger
,,,,,,,,,,,Carl Weathers
,,,,,,,,,,,Jesse Ventura
,,,,,,,,,,,Elpidia Carrillo
,,,,,,,,,,,Matt Damon
,,,,,,,,,,,Julia Stiles
,,,,,,,,,,,Joan Allen
,,,,,,,,,,,David Strathairn
,,,,,,,,,,,Arnold Schwarzenegger
,,,,,,,,,,,Rachel Ticotin
,,,,,,,,,,,Sharon Stone
,,,,,,,,,,,Ronny Cox
,,,,,,,,,,,Mel Gibson
,,,,,,,,,,,Bruce Spence
,,,,,,,,,,,Emil Minty
,,,,,,,,,,,Vernon Wells
,,,,,,,,,,,Al Pacino
,,,,,,,,,,,Robert De Niro
,,,,,,,,,,,Val Kilmer
,,,,,,,,,,,Jon Voight
,,,,,,,,,,,Iko Uwais
,,,,,,,,,,,Joe Taslim
,,,,,,,,,,,Donny Alamsyah
,,,,,,,,,,,Yayan Ruhian
,,,,,,,,,,,Tom Cruise
,,,,,,,,,,,Henry Cavill
,,,,,,,,,,,Ving Rhames
,,,,,,,,,,,Simon Pegg
,,,,,,,,,,,Harrison Ford
,,,,,,,,,,,Karen Allen
,,,,,,,,,,,Paul Freeman
,,,,,,,,,,,Wolf Kahler
,,,,,,,,,,,Sigourney Weaver
,,,,,,,,,,,Carrie Henn
,,,,,,,,,,,Michael Biehn
,,,,,,,,,,,Paul Reiser
,,,,,,,,,,,Chow Yun-Fat
,,,,,,,,,,,Bowie Lam
,,,,,,,,,,,Philip Chan
,,,,,,,,,,,Tony Leung Chiu Wai
,,,,,,,,,,,Keanu Reeves
,,,,,,,,,,,Laurence Fishburne
,,,,,,,,,,,Carrie-Anne Moss
,,,,,,,,,,,Hugo Weaving
,,,,,,,,,,,Arnold Schwarzenegger
,,,,,,,,,,,Linda Hamilton
,,,,,,,,,,,Edward Furlong
,,,,,,,,,,,Robert Patrick
,,,,,,,,,,,Bruce Willis
,,,,,,,,,,,Alan Rickman
,,,,,,,,,,,Bonnie Bedelia
,,,,,,,,,,,Reginald VelJohnson
,,,,,,,,,,,Tom Hardy
,,,,,,,,,,,Charlize Theron
,,,,,,,,,,,Nicholas Hoult
,,,,,,,,,,,Hugh Keays-Byrne
